file,#eqv,#mis,tw,deff,lp,t,k,s,#var,#clause,#literal,state_z3,mem_z3,time_z3
Benchmarks/NotificationServiceImpl2.sk_10_36.cnf,1070,25,73,9885,9888.0,543,12,367,3540,13425,32394,done,24854,0.00875306
Benchmarks/56.sk_6_38.cnf,80,32,53,12986,12992.0,1763,6,441,4842,17828,40086,done,24748,0.00875722
Benchmarks/Blasted_Real/blasted_case123.cnf,139,31,26,713,713.0,267,3,342,267,980,2798,done,23089,0.00218777
Benchmarks/19.sk_3_48.cnf,97,43,126,16874,16883.0,2313,6,618,6993,23867,57608,done,26406,0.0142794
Benchmarks/Blasted_Real/blasted_squaring26.cnf,498,31,41,2293,2293.0,883,3,601,894,3187,8885,done,24391,0.00872608
Benchmarks/Blasted_Real/blasted_case_1_b12_even1.cnf,1916,148,70,5811,5811.0,2681,3,591,2681,8492,22143,done,24707,0.00548849
Benchmarks/Blasted_Real/blasted_case33.cnf,32,10,7,92,92.0,51,3,25,51,143,391,done,23089,0.00225933
Benchmarks/isolateRightmost.sk_7_481.cnf,5642,471,106,25218,25251.0,9477,3,676,10057,35275,92867,done,34840,0.0666015
Benchmarks/Blasted_Real/blasted_case41.cnf,198,55,14,405,405.0,245,3,103,245,650,1782,done,23089,0.00218937
Benchmarks/77.sk_3_44.cnf,67,34,87,13038,13049.0,253,18,525,14535,27573,55773,done,27578,0.0152923
Benchmarks/Blasted_Real/blasted_case119.cnf,179,45,19,520,520.0,267,3,105,267,787,2173,done,23089,0.00223067
Benchmarks/Blasted_Real/blasted_case144.cnf,517,82,28,1575,1575.0,765,3,279,765,2340,6460,done,23797,0.00325973
Benchmarks/Blasted_Real/blasted_TR_b14_2_linear.cnf,1090,106,57,3393,3393.0,1570,3,713,1570,4963,13517,done,24240,0.00446374
Benchmarks/Blasted_Real/blasted_case44.cnf,110,16,19,478,478.0,173,3,95,173,651,1871,done,23089,0.0022211
Benchmarks/parity.sk_11_11.cnf,6552,7,303,34390,34391.0,1087,17,574,13116,47506,120220,done,36438,0.180153
Benchmarks/Blasted_Real/blasted_case46.cnf,113,16,19,484,484.0,176,3,95,176,660,1892,done,23089,0.00223353
Benchmarks/Blasted_Real/blasted_case134.cnf,37,18,4,86,86.0,60,3,77,60,146,402,done,23089,0.00223056
Benchmarks/Blasted_Real/blasted_case100.cnf,46,21,6,106,106.0,72,3,81,72,178,490,done,23089,0.00221312
Benchmarks/Blasted_Real/blasted_case23.cnf,37,11,8,158,158.0,77,3,77,77,235,654,done,23089,0.00223068
Benchmarks/Blasted_Real/blasted_case59.cnf,43,16,8,192,192.0,85,3,67,93,285,815,done,23117,0.00222312
Benchmarks/Blasted_Real/blasted_squaring11.cnf,729,57,32,2247,2247.0,944,3,469,966,3213,8725,done,23855,0.00339633
Benchmarks/Blasted_Real/blasted_case39.cnf,198,55,14,405,405.0,245,3,103,245,650,1782,done,23089,0.00221659
Benchmarks/54.sk_12_97.cnf,1844,88,179,51773,51791.0,2724,10,1088,21726,73499,177587,done,33280,0.029413
Benchmarks/Blasted_Real/blasted_case_1_b11_1.cnf,212,39,23,686,686.0,340,3,153,340,1026,2784,done,23580,0.00331988
Benchmarks/Blasted_Real/blasted_squaring60.cnf,4151,284,98,10948,10948.0,5040,3,2276,5186,16134,42366,done,25649,0.00985383
Benchmarks/Blasted_Real/blasted_case29.cnf,41,8,12,125,125.0,65,3,35,65,190,526,done,23117,0.00220314
Benchmarks/Blasted_Real/blasted_TR_b14_even_linear.cnf,6177,336,207,19391,19391.0,8809,3,2437,8809,28200,74475,done,32387,0.0456513
Benchmarks/Blasted_Real/blasted_case_3_b14_1.cnf,191,42,18,443,443.0,238,3,77,238,681,1810,done,23089,0.00230617
Benchmarks/Blasted_Real/blasted_case211.cnf,653,81,42,2060,2060.0,869,3,323,869,2929,7895,done,23797,0.00332446
Benchmarks/Blasted_Real/blasted_case_0_b12_even1.cnf,1916,148,70,5811,5811.0,2681,3,591,2681,8492,22143,done,24870,0.00656686
Benchmarks/Blasted_Real/blasted_squaring40.cnf,2788,155,53,9366,9366.0,4154,3,3128,4173,13539,36457,done,25571,0.00875167
Benchmarks/Blasted_Real/blasted_case8.cnf,99,23,12,365,365.0,160,3,147,160,525,1483,done,23089,0.00223304
Benchmarks/Blasted_Real/blasted_case47.cnf,81,18,10,210,210.0,118,3,74,118,328,890,done,23089,0.00222936
Benchmarks/Blasted_Real/blasted_case214.cnf,552,77,24,1238,1238.0,645,3,297,645,1883,4789,done,23711,0.00329191
Benchmarks/Blasted_Real/blasted_squaring41.cnf,2804,154,53,9414,9414.0,4166,3,3128,4185,13599,36637,done,25423,0.00759304
Benchmarks/Blasted_Real/blasted_squaring21.cnf,348,26,23,1506,1506.0,686,3,389,697,2203,5933,done,23584,0.00329162
Benchmarks/Blasted_Real/blasted_case_1_ptb_1.cnf,724,78,39,2069,2069.0,966,3,561,966,3035,7989,done,23662,0.00330608
Benchmarks/Blasted_Real/blasted_case35.cnf,204,43,24,1014,1014.0,400,3,370,400,1414,4002,done,23089,0.00326503
Benchmarks/Blasted_Real/blasted_case52.cnf,97,18,16,263,263.0,132,3,53,132,395,1041,done,23117,0.00231848
Benchmarks/Blasted_Real/blasted_case_2_ptb_2.cnf,2130,78,76,6650,6650.0,2848,3,1235,2848,9498,25245,done,24739,0.00645842
Benchmarks/Blasted_Real/blasted_case210.cnf,653,81,42,2065,2065.0,872,3,323,872,2937,7914,done,23805,0.0045136
Benchmarks/Blasted_Real/blasted_case140.cnf,398,103,14,734,734.0,488,3,137,488,1222,3278,done,23089,0.00221112
Benchmarks/Blasted_Real/blasted_case139.cnf,640,184,19,1317,1317.0,846,3,245,846,2163,5751,done,23724,0.00330938
Benchmarks/Blasted_Real/blasted_case_2_b14_3.cnf,180,37,18,637,637.0,304,3,165,304,941,2544,done,23089,0.0033191
Benchmarks/Blasted_Real/blasted_case49.cnf,650,61,47,4995,4995.0,1510,3,2419,1510,6505,18951,done,24129,0.0044824
Benchmarks/Blasted_Real/blasted_case_1_ptb_2.cnf,2130,78,77,6655,6655.0,2851,3,1235,2851,9506,25264,done,24891,0.00552139
Benchmarks/Blasted_Real/blasted_case_3_b14_2.cnf,186,40,18,535,535.0,270,3,113,270,805,2158,done,23576,0.00341918
Benchmarks/Blasted_Real/blasted_case28.cnf,32,10,7,92,92.0,51,3,25,51,143,391,done,23117,0.00231293
Benchmarks/Blasted_Real/blasted_case50.cnf,455,62,43,2445,2445.0,843,3,1120,843,3288,9366,done,23851,0.00442141
Benchmarks/Blasted_Real/blasted_case_1_b14_1.cnf,191,42,18,443,443.0,238,3,77,238,681,1810,done,23576,0.00336566
Benchmarks/Blasted_Real/blasted_case14.cnf,184,49,9,402,402.0,247,3,164,247,649,1785,done,23089,0.00223376
Benchmarks/Blasted_Real/blasted_case_2_b12_even3.cnf,2880,261,78,8892,8892.0,4157,3,915,4157,13049,33992,done,25567,0.00761774
Benchmarks/Blasted_Real/blasted_case58.cnf,45,16,8,203,203.0,88,3,69,96,299,857,done,23089,0.00222276
Benchmarks/Blasted_Real/blasted_case_2_b12_2.cnf,388,43,41,1898,1898.0,827,3,311,827,2725,7268,done,23662,0.00326152
Benchmarks/Blasted_Real/blasted_case145.cnf,169,46,8,339,339.0,219,3,94,219,558,1520,done,23089,0.00223907
Benchmarks/Blasted_Real/blasted_case1_b14_even3.cnf,810,123,44,2775,2775.0,1318,3,647,1318,4093,10878,done,23859,0.00335587
Benchmarks/Blasted_Real/blasted_case117.cnf,152,15,24,1058,1058.0,309,3,390,309,1367,4031,done,23089,0.00233336
Benchmarks/Blasted_Real/blasted_case200.cnf,5,2,5,28,28.0,14,3,13,14,42,120,done,23117,0.00231116
Benchmarks/Blasted_Real/blasted_squaring9.cnf,1064,49,43,3594,3594.0,1428,3,794,1434,5028,13756,done,24141,0.00542802
Benchmarks/Blasted_Real/blasted_case24.cnf,41,8,12,125,125.0,65,3,35,65,190,526,done,23089,0.00222666
Benchmarks/Blasted_Real/blasted_case142.cnf,1807,377,56,4848,4848.0,2457,3,496,2457,7305,20003,done,24657,0.00538963
Benchmarks/Blasted_Real/blasted_case202.cnf,177,42,18,344,344.0,200,3,43,200,544,1426,done,23252,0.00335243
Benchmarks/Blasted_Real/blasted_case108.cnf,154,16,21,595,595.0,205,3,65,205,800,2332,done,23089,0.00224677
Benchmarks/Blasted_Real/blasted_squaring5.cnf,662,45,33,1924,1924.0,863,3,429,885,2809,7513,done,23719,0.00330605
Benchmarks/Blasted_Real/blasted_case122.cnf,139,24,31,944,944.0,314,3,473,314,1258,3634,done,23089,0.00327345
Benchmarks/Blasted_Real/blasted_case_0_ptb_2.cnf,2429,118,82,7698,7698.0,3391,3,1375,3391,11089,29180,done,24887,0.00654315
Benchmarks/Blasted_Real/blasted_case126.cnf,144,31,29,827,827.0,302,3,416,302,1129,3227,done,23580,0.00328162
Benchmarks/Blasted_Real/blasted_case141.cnf,2471,371,69,7603,7603.0,4155,3,753,4155,11758,31790,done,25350,0.00648336
Benchmarks/Blasted_Real/blasted_squaring30.cnf,588,32,30,2662,2662.0,1020,3,535,1031,3693,10223,done,23851,0.00328804
Benchmarks/Blasted_Real/blasted_squaring27.cnf,441,31,24,2064,2064.0,826,3,494,837,2901,8027,done,23871,0.00447723
Benchmarks/Blasted_Real/blasted_case56.cnf,116,21,24,520,520.0,202,3,80,202,722,2052,done,23089,0.00222777
Benchmarks/Blasted_Real/blasted_case_3_b14_3.cnf,180,37,18,637,637.0,304,3,165,304,941,2544,done,23089,0.00222873
Benchmarks/Blasted_Real/blasted_squaring70.cnf,677,78,22,1781,1781.0,864,3,451,882,2663,7075,done,23715,0.00327065
Benchmarks/Blasted_Real/blasted_case64.cnf,43,16,8,192,192.0,85,3,67,93,285,815,done,23117,0.00219533
Benchmarks/Blasted_Real/blasted_case112.cnf,90,15,16,383,383.0,137,3,92,137,520,1504,done,23089,0.00224629
Benchmarks/Blasted_Real/blasted_case_1_b14_3.cnf,180,37,18,637,637.0,304,3,165,304,941,2544,done,23576,0.00333964
Benchmarks/Blasted_Real/blasted_case104.cnf,1972,380,67,7923,7923.0,3666,3,981,3666,11589,31657,done,25350,0.0175395
Benchmarks/Blasted_Real/blasted_case111.cnf,149,14,24,1052,1052.0,306,3,390,306,1358,4004,done,23089,0.00331557
Benchmarks/Blasted_Real/blasted_squaring22.cnf,346,26,23,1498,1498.0,684,3,389,695,2193,5903,done,23719,0.00335255
Benchmarks/Blasted_Real/blasted_case61.cnf,180,48,9,471,471.0,282,3,115,282,753,2019,done,23089,0.00241367
Benchmarks/Blasted_Real/blasted_case45.cnf,68,14,13,305,305.0,116,3,59,116,421,1205,done,23089,0.00226161
Benchmarks/Blasted_Real/blasted_case26.cnf,32,10,8,95,95.0,53,3,27,53,148,403,done,22982,0.00222834
Benchmarks/Blasted_Real/blasted_case135.cnf,124,21,16,472,472.0,236,3,139,236,708,1956,done,23089,0.00225591
Benchmarks/Blasted_Real/blasted_case51.cnf,97,18,16,263,263.0,132,3,53,132,395,1041,done,23117,0.00221846
Benchmarks/Blasted_Real/blasted_squaring14.cnf,1108,70,43,3551,3551.0,1452,3,744,1458,5009,13593,done,24141,0.0043595
Benchmarks/Blasted_Real/blasted_case125.cnf,177,32,31,1162,1162.0,393,3,564,393,1555,4481,done,23584,0.00330147
Benchmarks/Blasted_Real/blasted_squaring23.cnf,357,26,25,1558,1558.0,699,3,416,710,2268,6128,done,23719,0.00331109
Benchmarks/Blasted_Real/blasted_case_3_4_b14_even.cnf,951,139,40,3229,3229.0,1532,3,759,1532,4761,12634,done,24117,0.00439205
Benchmarks/Blasted_Real/blasted_TR_b12_even7_linear.cnf,6227,268,112,19455,19455.0,8633,3,2173,8633,28088,74253,done,27652,0.0131579
Benchmarks/Blasted_Real/blasted_case10.cnf,234,65,11,550,550.0,328,3,191,328,878,2403,done,23089,0.00222242
Benchmarks/Blasted_Real/blasted_squaring1.cnf,670,46,33,1948,1948.0,869,3,438,891,2839,7603,done,23719,0.00324108
Benchmarks/Blasted_Real/blasted_case5.cnf,123,34,13,342,342.0,176,3,136,176,518,1440,done,23089,0.00223572
Benchmarks/Blasted_Real/blasted_case_2_b12_even1.cnf,1916,148,70,5811,5811.0,2681,3,591,2681,8492,22143,done,24842,0.00543076
Benchmarks/Blasted_Real/blasted_squaring51.cnf,319,24,27,1451,1451.0,464,3,741,496,1947,5675,done,23711,0.0043984
Benchmarks/Blasted_Real/blasted_case1.cnf,98,18,23,494,494.0,187,3,90,187,681,1937,done,23089,0.00223741
Benchmarks/Blasted_Real/blasted_TR_b14_even2_linear.cnf,7293,398,219,22679,22679.0,10329,3,2837,10329,33008,87059,done,28413,0.0141818
Benchmarks/Blasted_Real/blasted_case2.cnf,145,24,32,820,820.0,296,3,100,296,1116,3188,done,23089,0.00330255
Benchmarks/Blasted_Real/blasted_case4.cnf,55,15,11,213,213.0,103,3,81,103,316,881,done,23089,0.00225737
Benchmarks/Blasted_Real/blasted_case206.cnf,5,2,5,28,28.0,14,3,13,14,42,120,done,23117,0.00219737
Benchmarks/Blasted_Real/blasted_case137.cnf,37,18,5,86,86.0,60,3,73,60,146,402,done,23117,0.00219729
Benchmarks/Blasted_Real/blasted_case53.cnf,97,18,16,263,263.0,132,3,53,132,395,1041,done,23117,0.00223097
Benchmarks/Blasted_Real/blasted_squaring10.cnf,838,63,32,2533,2533.0,1077,3,507,1099,3632,9800,done,23851,0.00340828
Benchmarks/Blasted_Real/blasted_case31.cnf,32,10,8,95,95.0,53,3,27,53,148,403,done,23089,0.00337087
Benchmarks/Blasted_Real/blasted_squaring2.cnf,662,41,33,1924,1924.0,863,3,423,885,2809,7513,done,23855,0.00436544
Benchmarks/Blasted_Real/blasted_case132.cnf,124,21,16,472,472.0,236,3,135,236,708,1956,done,23089,0.00328022
Benchmarks/Blasted_Real/blasted_TR_ptb_1_linear.cnf,1544,106,59,4319,4319.0,1969,3,1003,1969,6288,16815,done,24276,0.00433969
Benchmarks/Blasted_Real/blasted_case36.cnf,25,9,8,144,144.0,56,3,59,64,208,600,done,23117,0.00222996
Benchmarks/Blasted_Real/blasted_case143.cnf,317,27,30,1165,1165.0,427,3,133,427,1592,4548,done,23089,0.00328206
Benchmarks/Blasted_Real/blasted_case113.cnf,152,15,24,1058,1058.0,309,3,390,309,1367,4031,done,23089,0.00323575
Benchmarks/Blasted_Real/blasted_case20.cnf,274,67,10,729,729.0,381,3,175,397,1126,3015,done,23089,0.00330244
Benchmarks/Blasted_Real/blasted_case9.cnf,184,49,11,474,474.0,279,3,191,279,753,2054,done,23580,0.00332662
Benchmarks/Blasted_Real/blasted_case37.cnf,958,151,55,2075,2075.0,1084,3,33,1084,3159,8485,done,23830,0.00330962
Benchmarks/Blasted_Real/blasted_TR_b14_even3_linear.cnf,6177,334,206,19391,19391.0,8809,3,2437,8809,28200,74475,done,27742,0.0131101
Benchmarks/Blasted_Real/blasted_case62.cnf,162,30,24,874,874.0,291,3,393,291,1165,3401,done,23252,0.00336258
Benchmarks/Blasted_Real/blasted_case_2_ptb_1.cnf,724,78,40,2064,2064.0,963,3,561,963,3027,7970,done,23711,0.00340086
Benchmarks/Blasted_Real/blasted_case12.cnf,541,70,32,1573,1573.0,721,3,262,737,2310,6229,done,23715,0.00332991
Benchmarks/Blasted_Real/blasted_case109.cnf,176,20,21,674,674.0,241,3,81,241,915,2647,done,23523,0.0033272
Benchmarks/Blasted_Real/blasted_case11.cnf,66,14,13,266,266.0,105,3,70,105,371,1061,done,23089,0.00222295
Benchmarks/Blasted_Real/blasted_case_1_b12_1.cnf,242,31,26,958,958.0,427,3,183,427,1385,3707,done,23089,0.00324699
Benchmarks/Blasted_Real/blasted_case205.cnf,188,46,19,366,366.0,214,3,43,214,580,1526,done,23089,0.00329516
Benchmarks/Blasted_Real/blasted_case_2_b14_1.cnf,191,42,18,443,443.0,238,3,77,238,681,1810,done,23089,0.0033089
Benchmarks/Blasted_Real/blasted_case54.cnf,116,21,24,522,522.0,203,3,82,203,725,2059,done,23089,0.00218158
Benchmarks/Blasted_Real/blasted_case204.cnf,188,46,19,366,366.0,214,3,43,214,580,1526,done,23089,0.00223286
Benchmarks/Blasted_Real/blasted_case136.cnf,116,39,8,404,404.0,211,3,217,211,615,1703,done,23089,0.00220991
Benchmarks/Blasted_Real/blasted_case110.cnf,142,14,23,976,976.0,287,3,360,287,1263,3719,done,23580,0.00332224
Benchmarks/Blasted_Real/blasted_case19.cnf,274,67,10,729,729.0,381,3,175,397,1126,3015,done,23089,0.00223331
Benchmarks/Blasted_Real/blasted_case38.cnf,82,12,18,425,425.0,143,3,126,143,568,1646,done,23089,0.00223778
Benchmarks/Blasted_Real/blasted_case120.cnf,186,46,19,567,567.0,284,3,109,284,851,2357,done,23089,0.00330619
Benchmarks/Blasted_Real/blasted_case6.cnf,180,34,11,667,667.0,329,3,249,329,996,2726,done,23089,0.00218748
Benchmarks/Blasted_Real/blasted_case21.cnf,54,13,15,285,285.0,126,3,57,126,411,1122,done,23089,0.00218633
Benchmarks/Blasted_Real/blasted_squaring20.cnf,346,25,23,1502,1502.0,685,3,386,696,2198,5918,done,23584,0.00439651
Benchmarks/Blasted_Real/blasted_TR_ptb_2_linear.cnf,2953,109,87,8917,8917.0,3857,3,1677,3857,12774,34135,done,25235,0.00653924
Benchmarks/Blasted_Real/blasted_TR_device_1_even_linear.cnf,1437,160,54,5165,5165.0,2415,3,1269,2447,7612,20507,done,24580,0.00554951
Benchmarks/Blasted_Real/blasted_case42.cnf,686,147,26,1832,1832.0,903,3,347,903,2735,7517,done,23736,0.00326702
Benchmarks/Blasted_Real/blasted_case15.cnf,234,65,11,478,478.0,296,3,164,296,774,2134,done,23089,0.00222058
Benchmarks/Blasted_Real/blasted_case_1_b12_2.cnf,388,43,41,1898,1898.0,827,3,311,827,2725,7268,done,23797,0.00324427
Benchmarks/Blasted_Real/blasted_squaring4.cnf,666,53,33,1948,1948.0,869,3,435,891,2839,7603,done,23724,0.00327177
Benchmarks/Blasted_Real/blasted_squaring7.cnf,1223,56,45,4209,4209.0,1622,3,798,1628,5837,16063,done,24301,0.00436594
Benchmarks/Blasted_Real/blasted_case209.cnf,851,120,40,2288,2288.0,1189,3,441,1189,3477,8733,done,23851,0.0033119
Benchmarks/Blasted_Real/blasted_case208.cnf,777,162,36,1304,1304.0,824,3,137,824,2128,5314,done,23715,0.00327755
Benchmarks/Blasted_Real/blasted_case106.cnf,145,42,6,305,305.0,204,3,77,204,509,1367,done,23089,0.00218465
Benchmarks/Blasted_Real/blasted_squaring16.cnf,1256,70,62,4208,4208.0,1621,3,1049,1627,5835,16057,done,24190,0.00445231
Benchmarks/Blasted_Real/blasted_case_0_b12_1.cnf,242,31,26,958,958.0,427,3,183,427,1385,3707,done,23089,0.0032452
Benchmarks/Blasted_Real/blasted_case212.cnf,851,120,40,2288,2288.0,1189,3,441,1189,3477,8733,done,23851,0.00332213
Benchmarks/Blasted_Real/blasted_case55.cnf,102,20,21,293,293.0,149,3,57,149,442,1180,done,23089,0.00332973
Benchmarks/Blasted_Real/blasted_TR_device_1_linear.cnf,836,97,52,2678,2678.0,1249,3,455,1249,3927,10576,done,23818,0.00440271
Benchmarks/Blasted_Real/blasted_case34.cnf,207,36,29,1188,1188.0,409,3,469,409,1597,4601,done,23580,0.00334437
Benchmarks/Blasted_Real/blasted_case203.cnf,188,46,19,366,366.0,214,3,43,214,580,1526,done,23089,0.00218476
Benchmarks/Blasted_Real/blasted_case118.cnf,150,15,24,1058,1058.0,309,3,390,309,1367,4031,done,23580,0.00331939
Benchmarks/Blasted_Real/blasted_case103.cnf,22,8,6,54,54.0,32,3,20,32,86,242,done,23089,0.00231014
Benchmarks/Blasted_Real/blasted_case18.cnf,328,53,35,1236,1236.0,579,3,267,579,1815,5011,done,23523,0.00333209
Benchmarks/Blasted_Real/blasted_case201.cnf,177,42,18,344,344.0,200,3,43,200,544,1426,done,23089,0.00220915
Benchmarks/Blasted_Real/blasted_case_0_b11_1.cnf,212,39,23,686,686.0,340,3,153,340,1026,2784,done,22982,0.00222422
Benchmarks/Blasted_Real/blasted_squaring50.cnf,319,24,27,1465,1465.0,468,3,741,500,1965,5729,done,23576,0.00334595
Benchmarks/Blasted_Real/blasted_case40.cnf,198,55,14,405,405.0,245,3,103,245,650,1782,done,23089,0.00222747
Benchmarks/Blasted_Real/blasted_case101.cnf,46,21,6,106,106.0,72,3,77,72,178,490,done,23089,0.00226032
Benchmarks/Blasted_Real/blasted_case_0_b12_even2.cnf,1907,145,70,5791,5791.0,2669,3,591,2669,8460,22055,done,24752,0.00552323
Benchmarks/Blasted_Real/blasted_case121.cnf,184,46,24,684,684.0,291,3,249,291,975,2745,done,23089,0.00330884
Benchmarks/Blasted_Real/blasted_case30.cnf,49,9,12,127,127.0,68,3,33,68,195,529,done,23089,0.00331931
Benchmarks/Blasted_Real/blasted_case60.cnf,9,4,4,20,20.0,15,3,12,15,35,97,done,23252,0.00222786
Benchmarks/Blasted_Real/blasted_case116.cnf,231,25,27,1443,1443.0,438,3,487,438,1881,5513,done,23719,0.00327292
Benchmarks/Blasted_Real/blasted_case207.cnf,777,162,36,1304,1304.0,824,3,137,824,2128,5314,done,23715,0.00326633
Benchmarks/Blasted_Real/blasted_case124.cnf,79,28,10,253,253.0,133,3,116,133,386,1070,done,23089,0.00223641
Benchmarks/Blasted_Real/blasted_case3_b14_even3.cnf,799,119,38,2753,2753.0,1304,3,647,1304,4057,10778,done,24002,0.00440043
Benchmarks/Blasted_Real/blasted_TR_b14_3_linear.cnf,1280,115,78,4286,4286.0,1942,3,749,1942,6228,16873,done,24293,0.00441127
Benchmarks/Blasted_Real/blasted_squaring25.cnf,440,32,26,2101,2101.0,835,3,508,846,2947,8165,done,23715,0.00337129
Benchmarks/Blasted_Real/blasted_case213.cnf,552,77,25,1243,1243.0,648,3,297,648,1891,4808,done,23252,0.00440891
Benchmarks/Blasted_Real/blasted_case59_1.cnf,43,16,8,192,192.0,85,3,67,93,285,815,done,23089,0.00223098
Benchmarks/Blasted_Real/blasted_squaring6.cnf,662,45,33,1924,1924.0,863,3,429,885,2809,7513,done,23719,0.00327289
Benchmarks/Blasted_Real/blasted_case128.cnf,23,6,9,68,68.0,36,3,21,36,104,282,done,22982,0.00223181
Benchmarks/Blasted_Real/blasted_case57.cnf,159,29,25,870,870.0,288,3,393,288,1158,3382,done,23445,0.00331052
Benchmarks/Blasted_Real/blasted_case107.cnf,502,93,28,1043,1043.0,618,3,269,618,1661,4547,done,23089,0.00340809
Benchmarks/Blasted_Real/blasted_TR_b12_even3_linear.cnf,6227,270,112,19455,19455.0,8633,3,2173,8633,28088,74253,done,27648,0.0142358
Benchmarks/Blasted_Real/blasted_case_2_b12_1.cnf,242,31,26,958,958.0,427,3,183,427,1385,3707,done,23523,0.00334038
Benchmarks/Blasted_Real/blasted_case_2_b14_2.cnf,186,40,18,535,535.0,270,3,113,270,805,2158,done,23576,0.00338731
Benchmarks/Blasted_Real/blasted_case25.cnf,49,9,12,127,127.0,68,3,33,68,195,529,done,23117,0.00217086
Benchmarks/Blasted_Real/blasted_case115.cnf,231,25,26,1423,1423.0,428,3,483,428,1851,5441,done,23584,0.00330689
Benchmarks/Blasted_Real/blasted_case105.cnf,143,41,8,237,237.0,170,3,69,170,407,1121,done,23089,0.00222288
Benchmarks/Blasted_Real/blasted_squaring8.cnf,838,63,32,2541,2541.0,1079,3,507,1101,3642,9830,done,24051,0.0044237
Benchmarks/Blasted_Real/blasted_case_0_b14_1.cnf,445,79,30,2188,2188.0,812,3,930,812,3000,8537,done,23719,0.00330249
Benchmarks/Blasted_Real/blasted_case_0_b12_2.cnf,388,43,41,1898,1898.0,827,3,311,827,2725,7268,done,23797,0.00338736
Benchmarks/Blasted_Real/blasted_case3.cnf,145,24,32,816,816.0,294,3,96,294,1110,3174,done,23523,0.00327442
Benchmarks/Blasted_Real/blasted_case_1_b12_even2.cnf,1907,145,70,5791,5791.0,2669,3,591,2669,8460,22055,done,24764,0.00557597
Benchmarks/Blasted_Real/blasted_TR_b14_1_linear.cnf,1005,103,41,2663,2663.0,1287,3,505,1287,3950,10711,done,24092,0.00441875
Benchmarks/Blasted_Real/blasted_case114.cnf,230,25,26,1423,1423.0,428,3,483,428,1851,5441,done,23584,0.00329992
Benchmarks/Blasted_Real/blasted_squaring12.cnf,1126,70,44,3703,3703.0,1501,3,805,1507,5210,14168,done,24145,0.00546598
Benchmarks/Blasted_Real/blasted_case146.cnf,169,46,8,339,339.0,219,3,94,219,558,1520,done,23089,0.0032443
Benchmarks/Blasted_Real/blasted_case102.cnf,22,8,6,58,58.0,34,3,20,34,92,256,done,23117,0.00222997
Benchmarks/Blasted_Real/blasted_squaring3.cnf,662,45,33,1924,1924.0,863,3,429,885,2809,7513,done,23719,0.00327938
Benchmarks/Blasted_Real/blasted_case7.cnf,69,17,9,249,249.0,116,3,112,116,365,1023,done,23089,0.00226596
Benchmarks/Blasted_Real/blasted_case130.cnf,360,49,31,1412,1412.0,644,3,341,644,2056,5732,done,23662,0.00325636
Benchmarks/Blasted_Real/blasted_case22.cnf,54,13,15,285,285.0,126,3,57,126,411,1122,done,23089,0.00221577
Benchmarks/Blasted_Real/blasted_case_2_b12_even2.cnf,1907,145,70,5791,5791.0,2669,3,591,2669,8460,22055,done,24629,0.00541081
Benchmarks/Blasted_Real/blasted_case_1_b14_even.cnf,799,119,38,2753,2753.0,1304,3,647,1304,4057,10778,done,24002,0.00443604
Benchmarks/Blasted_Real/blasted_squaring42.cnf,2788,155,53,9366,9366.0,4154,3,3128,4173,13539,36457,done,25288,0.00884156
Benchmarks/Blasted_Real/blasted_case133.cnf,116,39,8,404,404.0,211,3,221,211,615,1703,done,23089,0.00217516
Benchmarks/Blasted_Real/blasted_case_1_b12_even3.cnf,2880,261,78,8892,8892.0,4157,3,915,4157,13049,33992,done,25567,0.00773091
Benchmarks/Blasted_Real/blasted_case_0_ptb_1.cnf,1023,88,52,3114,3114.0,1507,3,705,1507,4621,11914,done,23846,0.00329364
Benchmarks/Blasted_Real/blasted_case17.cnf,37,11,8,158,158.0,77,3,77,77,235,654,done,23089,0.00226259
Benchmarks/Blasted_Real/blasted_case_0_b12_even3.cnf,2880,261,78,8892,8892.0,4157,3,915,4157,13049,33992,done,25567,0.00761532
Benchmarks/Blasted_Real/blasted_case_1_b14_2.cnf,186,40,18,535,535.0,270,3,113,270,805,2158,done,23441,0.00331179
Benchmarks/Blasted_Real/blasted_squaring28.cnf,588,31,31,2779,2779.0,1049,3,546,1060,3839,10661,done,23986,0.00447161
Benchmarks/Blasted_Real/blasted_case68.cnf,120,17,14,375,375.0,178,3,109,178,553,1541,done,23089,0.00218562
Benchmarks/Blasted_Real/blasted_case43.cnf,68,14,13,305,305.0,116,3,59,116,421,1205,done,23089,0.00224261
Benchmarks/Blasted_Real/blasted_squaring29.cnf,689,32,58,3107,3107.0,1130,3,661,1141,4248,11888,done,24043,0.0043286
Benchmarks/Blasted_Real/blasted_case131.cnf,228,33,29,1398,1398.0,426,3,411,432,1830,5398,done,23691,0.00330924
Benchmarks/Blasted_Real/blasted_case32.cnf,32,10,8,94,94.0,52,3,27,52,146,398,done,23089,0.00221688
Benchmarks/Blasted_Real/blasted_case63.cnf,45,16,8,203,203.0,88,3,69,96,299,857,done,23117,0.00226337
Benchmarks/Blasted_Real/blasted_case127.cnf,23,6,9,68,68.0,36,3,21,36,104,282,done,23117,0.00221651
Benchmarks/Blasted_Real/blasted_case_1_4_b14_even.cnf,951,139,40,3229,3229.0,1532,3,759,1532,4761,12634,done,23846,0.00559608
Benchmarks/Blasted_Real/blasted_case_2_b14_even.cnf,799,119,38,2753,2753.0,1304,3,647,1304,4057,10778,done,23711,0.00441032
Benchmarks/Blasted_Real/blasted_case27.cnf,32,10,8,94,94.0,52,3,27,52,146,398,done,23089,0.00226316
Benchmarks/Blasted_Real/blasted_TR_b12_even2_linear.cnf,6227,268,112,19455,19455.0,8633,3,2173,8633,28088,74253,done,27791,0.0153743
Benchmarks/Blasted_Real/blasted_TR_b12_2_linear.cnf,1386,67,87,5947,5947.0,2426,3,737,2426,8373,22684,done,24637,0.00553805
Benchmarks/Blasted_Real/blasted_case138.cnf,730,142,27,1404,1404.0,849,3,241,849,2253,6121,done,23826,0.00326627
Benchmarks/Blasted_Real/blasted_squaring24.cnf,346,26,23,1498,1498.0,684,3,389,695,2193,5903,done,23584,0.00331328
Benchmarks/Blasted_Real/blasted_TR_b12_1_linear.cnf,1191,63,75,4705,4705.0,1914,3,579,1914,6619,18000,done,24408,0.00439347
Benchmarks/PhaseService.sk_14_27.cnf,621,21,49,3969,3970.0,163,13,185,1686,5655,13506,done,24223,0.00546203
Benchmarks/GuidanceService.sk_4_27.cnf,552,22,28,2100,2101.0,142,9,142,988,3088,7219,done,23797,0.00328643
Benchmarks/70.sk_3_40.cnf,63,32,65,11194,11195.0,1358,6,415,4670,15864,37376,done,25337,0.00873199
Benchmarks/35.sk_3_52.cnf,56,41,42,5632,5653.0,76,24,241,4915,10547,20508,done,24305,0.00544179
Benchmarks/29.sk_3_45.cnf,64,41,107,22691,22700.0,626,12,767,8866,31557,77038,done,27467,0.0152332
Benchmarks/32.sk_4_38.cnf,61,30,37,9760,9767.0,1215,6,328,3834,13594,29194,done,24285,0.00537905
Benchmarks/109.sk_4_36.cnf,66,30,43,10447,10454.0,1355,6,446,3565,14012,31901,done,24371,0.00551701
Benchmarks/51.sk_4_38.cnf,69,32,46,10886,10887.0,1440,6,427,3708,14594,33247,done,24567,0.00780186
Benchmarks/IssueServiceImpl.sk_8_30.cnf,744,20,39,2926,2928.0,171,11,110,1393,4319,10075,done,23941,0.0043519
Benchmarks/ProjectService3.sk_12_55.cnf,1693,49,61,7844,7845.0,399,11,247,3175,11019,26573,done,24739,0.00876184
Benchmarks/55.sk_3_46.cnf,83,37,40,9017,9022.0,1170,6,259,3128,12145,26856,done,24203,0.0054755
Benchmarks/81.sk_5_51.cnf,71,47,102,27231,27242.0,923,12,960,10775,38006,93886,done,27967,0.0196608
Benchmarks/FeatureModels/vads.cnf,632,607,27,1995,1995.0,271,5,431,1240,3235,8773,done,23805,0.00340883
Benchmarks/FeatureModels/mac7100evb.cnf,612,589,25,2536,2536.0,133,9,742,1234,3770,14829,done,23805,0.00560473
Benchmarks/FeatureModels/frv400.cnf,645,620,25,1858,1858.0,253,5,431,1238,3096,8261,done,23670,0.00441093
Benchmarks/FeatureModels/lpcmt.cnf,619,597,25,2575,2575.0,135,9,742,1249,3824,14990,done,23805,0.00435711
Benchmarks/17.sk_3_45.cnf,53,37,127,16966,16975.0,188,24,514,10090,27056,63324,done,27086,0.0131813
Benchmarks/FeatureModels/cma230.cnf,608,586,25,2527,2527.0,127,9,742,1212,3739,14770,done,23805,0.00339657
Benchmarks/FeatureModels/brutus.cnf,609,587,25,2533,2533.0,128,9,742,1221,3754,14794,done,23670,0.00438493
Benchmarks/FeatureModels/aim711.cnf,635,613,27,2609,2609.0,133,9,742,1264,3873,15094,done,23941,0.00432834
Benchmarks/FeatureModels/ts6.cnf,632,607,26,1995,1995.0,271,5,431,1240,3235,8773,done,23941,0.00439912
Benchmarks/FeatureModels/csb281.cnf,632,606,26,1881,1881.0,258,5,431,1233,3114,8303,done,23670,0.0032926
Benchmarks/FeatureModels/eb40a.cnf,619,597,25,2576,2576.0,134,9,742,1241,3817,14974,done,23805,0.00447135
Benchmarks/FeatureModels/mbx.cnf,653,629,27,1923,1923.0,265,5,431,1295,3218,8507,done,23805,0.0033793
Benchmarks/FeatureModels/sparclite_sim.cnf,588,568,26,1804,1804.0,247,5,431,1168,2972,8000,done,23707,0.0032778
Benchmarks/FeatureModels/sparc_erc32.cnf,588,568,26,1804,1804.0,247,5,431,1168,2972,8000,done,23707,0.00333114
Benchmarks/FeatureModels/moab.cnf,649,624,27,1972,1972.0,272,5,431,1277,3249,8654,done,23805,0.00325131
Benchmarks/FeatureModels/ea2468.cnf,651,627,28,2743,2743.0,154,9,742,1395,4138,15697,done,23945,0.00440844
Benchmarks/FeatureModels/mcb2100.cnf,619,597,25,2575,2575.0,135,9,742,1249,3824,14990,done,23805,0.00446373
Benchmarks/FeatureModels/dreamcast.cnf,621,598,27,1916,1916.0,263,5,431,1252,3168,8452,done,23670,0.00440733
Benchmarks/FeatureModels/npwr.cnf,638,614,26,2564,2564.0,130,9,742,1258,3822,14944,done,23842,0.00440529
Benchmarks/FeatureModels/e7t.cnf,659,635,26,2550,2550.0,130,9,742,1266,3816,14935,done,23805,0.00438458
Benchmarks/FeatureModels/atlas_mips64_5kc.cnf,617,593,26,1857,1857.0,254,5,431,1209,3066,8202,done,23805,0.00331416
Benchmarks/FeatureModels/ixdp425.cnf,633,609,27,2552,2552.0,131,9,742,1247,3799,14890,done,23805,0.00553272
Benchmarks/FeatureModels/malta_mips32_4kc.cnf,630,606,26,1981,1981.0,268,5,431,1232,3213,8724,done,23805,0.00330726
Benchmarks/FeatureModels/vrc4373.cnf,643,621,25,1857,1857.0,257,5,431,1247,3104,8269,done,23805,0.00441415
Benchmarks/FeatureModels/h8s_sim.cnf,590,570,26,1820,1820.0,249,5,431,1183,3003,8060,done,23842,0.00329546
Benchmarks/FeatureModels/sh4_202_md.cnf,627,603,26,1938,1938.0,266,5,431,1258,3196,8524,done,23805,0.0044149
Benchmarks/FeatureModels/asb2305.cnf,631,609,26,1859,1859.0,252,5,431,1242,3101,8262,done,23805,0.00438629
Benchmarks/FeatureModels/gps4020.cnf,611,589,25,2530,2530.0,127,9,742,1213,3743,14780,done,23805,0.0054961
Benchmarks/FeatureModels/phycore.cnf,651,629,25,2578,2578.0,135,9,742,1274,3852,15044,done,23805,0.00453015
Benchmarks/FeatureModels/rattler.cnf,675,649,28,1934,1934.0,266,5,431,1311,3245,8567,done,23805,0.00435259
Benchmarks/30.sk_5_76.cnf,159,68,229,82676,82684.0,954,22,1821,29621,112297,274633,done,36442,0.0462609
Benchmarks/FeatureModels/sparc_leon.cnf,588,568,25,1804,1804.0,247,5,431,1168,2972,8000,done,23842,0.00338686
Benchmarks/FeatureModels/am31_sim.cnf,588,568,26,1803,1803.0,245,5,431,1165,2968,7992,done,23707,0.00328413
Benchmarks/FeatureModels/snds.cnf,613,591,27,2530,2530.0,129,9,742,1218,3748,14780,done,23805,0.00434688
Benchmarks/FeatureModels/FM-3.6.1-refined.cnf,34,23,6,59,59.0,13,6,16,45,104,239,done,23117,0.00221117
Benchmarks/FeatureModels/flexanet.cnf,640,614,26,2618,2618.0,136,9,742,1265,3883,15123,done,23842,0.00438317
Benchmarks/FeatureModels/assabet.cnf,629,606,25,2617,2617.0,135,9,742,1266,3883,15120,done,23842,0.00436553
Benchmarks/FeatureModels/mb93093.cnf,641,616,25,1853,1853.0,252,5,431,1230,3083,8235,done,23805,0.00329255
Benchmarks/FeatureModels/ts1000.cnf,655,631,28,1921,1921.0,264,5,431,1297,3218,8508,done,23805,0.00330975
Benchmarks/FeatureModels/mb93091.cnf,649,624,26,1881,1881.0,258,5,431,1250,3131,8343,done,23805,0.0043563
Benchmarks/FeatureModels/integrator_arm7.cnf,645,621,26,2680,2680.0,143,9,742,1259,3939,15406,done,23805,0.00438774
Benchmarks/FeatureModels/ceb_v850.cnf,602,582,25,1836,1836.0,250,5,431,1189,3025,8114,done,23842,0.0043511
Benchmarks/FeatureModels/phycore229x.cnf,668,644,26,2666,2666.0,146,9,742,1360,4026,15416,done,23805,0.00550479
Benchmarks/FeatureModels/ocelot.cnf,658,633,26,1875,1875.0,258,5,431,1266,3141,8351,done,23805,0.0034424
Benchmarks/FeatureModels/h8max.cnf,607,585,26,1870,1870.0,256,5,431,1202,3072,8257,done,23707,0.00331241
Benchmarks/FeatureModels/ebsa285.cnf,639,612,26,2587,2587.0,134,9,742,1245,3832,15020,done,23805,0.00439056
Benchmarks/FeatureModels/cme555.cnf,645,625,26,1901,1901.0,262,5,431,1266,3167,8447,done,23670,0.00434116
Benchmarks/FeatureModels/mace1.cnf,612,589,25,2536,2536.0,133,9,742,1234,3770,14829,done,23805,0.00441006
Benchmarks/FeatureModels/edb7xxx.cnf,628,604,26,2566,2566.0,130,9,742,1246,3812,14920,done,23805,0.00620356
Benchmarks/FeatureModels/fads.cnf,598,578,26,1821,1821.0,249,5,431,1187,3008,8075,done,23707,0.00331273
Benchmarks/FeatureModels/stdeval1.cnf,600,580,26,1859,1859.0,255,5,431,1190,3049,8207,done,23707,0.00439763
Benchmarks/FeatureModels/cerf.cnf,642,617,26,2634,2634.0,137,9,742,1276,3910,15188,done,23842,0.00434974
Benchmarks/FeatureModels/olpce2294.cnf,635,611,26,2607,2607.0,137,9,742,1274,3881,15115,done,23805,0.00438425
Benchmarks/FeatureModels/pc_vmWare.cnf,634,612,27,1919,1919.0,264,5,431,1255,3174,8459,done,23670,0.00432752
Benchmarks/FeatureModels/at91sam7xek.cnf,656,632,26,2644,2644.0,142,9,742,1319,3963,15279,done,23805,0.00432912
Benchmarks/FeatureModels/psim.cnf,598,578,25,1814,1814.0,247,5,431,1181,2995,8048,done,23842,0.00439895
Benchmarks/FeatureModels/adderII.cnf,629,605,28,1930,1930.0,264,5,431,1276,3206,8484,done,23805,0.00443668
Benchmarks/FeatureModels/excalibur_arm9.cnf,625,602,25,49305,49305.0,147,9,46660,1233,50538,341878,done,26451,0.0237289
Benchmarks/FeatureModels/iq80310.cnf,638,614,26,2563,2563.0,130,9,742,1258,3821,14942,done,23842,0.00437388
Benchmarks/FeatureModels/prpmc1100.cnf,615,593,25,2531,2531.0,129,9,742,1223,3754,14801,done,23805,0.005468
Benchmarks/FeatureModels/vrc4375.cnf,656,632,27,1871,1871.0,260,5,431,1258,3129,8326,done,23805,0.00436555
Benchmarks/FeatureModels/aeb.cnf,610,588,25,2554,2554.0,130,9,743,1213,3767,14876,done,23670,0.00329121
Benchmarks/FeatureModels/at91sam7sek.cnf,634,612,25,2625,2625.0,139,9,742,1296,3921,15190,done,23805,0.00440247
Benchmarks/FeatureModels/pc_i82559.cnf,638,616,26,1920,1920.0,265,5,431,1259,3179,8469,done,23670,0.00433703
Benchmarks/FeatureModels/cma28x.cnf,605,585,25,1847,1847.0,255,5,431,1204,3051,8163,done,23805,0.00338386
Benchmarks/FeatureModels/m5272c3.cnf,637,611,27,1974,1974.0,273,5,431,1323,3297,8698,done,23805,0.0044699
Benchmarks/FeatureModels/ec555.cnf,645,625,26,1902,1902.0,262,5,431,1267,3169,8451,done,23805,0.00449325
Benchmarks/FeatureModels/pc_usb_d12.cnf,646,624,27,1950,1950.0,221,6,431,1281,3231,8580,done,23805,0.00328807
Benchmarks/FeatureModels/jtst.cnf,619,597,25,2577,2577.0,134,9,742,1241,3818,14976,done,23805,0.00439325
Benchmarks/FeatureModels/tx39_sim.cnf,593,573,26,1809,1809.0,247,5,431,1179,2988,8030,done,23707,0.00325202
Benchmarks/FeatureModels/pati.cnf,626,606,27,2018,2018.0,274,5,431,1248,3266,8877,done,23670,0.00437889
Benchmarks/FeatureModels/skmb91302.cnf,626,606,25,1835,1835.0,250,5,431,1217,3052,8165,done,23670,0.00331628
Benchmarks/FeatureModels/se77x9.cnf,665,644,26,48618,48618.0,197,7,46660,1319,49937,335267,done,26066,0.0206819
Benchmarks/FeatureModels/cerfpda.cnf,648,623,28,2649,2649.0,137,9,742,1291,3940,15248,done,23842,0.00443401
Benchmarks/FeatureModels/picasso.cnf,627,603,26,2560,2560.0,131,9,742,1248,3808,14915,done,23842,0.00432567
Benchmarks/FeatureModels/atlas_mips32_4kc.cnf,619,595,26,1862,1862.0,255,5,431,1216,3078,8226,done,23805,0.00434863
Benchmarks/FeatureModels/pc_rltk8139.cnf,645,621,26,1922,1922.0,266,5,431,1257,3179,8476,done,23805,0.0033135
Benchmarks/FeatureModels/ref4955.cnf,616,594,27,1881,1881.0,257,5,431,1218,3099,8307,done,23805,0.00326875
Benchmarks/FeatureModels/h8300h_sim.cnf,590,570,26,1819,1819.0,249,5,431,1182,3001,8056,done,23527,0.00432225
Benchmarks/FeatureModels/pid.cnf,618,596,25,2549,2549.0,128,9,742,1229,3778,14848,done,23805,0.00446701
Benchmarks/FeatureModels/smdk2410.cnf,648,625,25,49203,49203.0,137,9,46660,1265,50468,341506,done,26542,0.0218492
Benchmarks/FeatureModels/sleb.cnf,597,577,26,1821,1821.0,251,5,431,1188,3009,8074,done,23842,0.00330323
Benchmarks/FeatureModels/hs7729pci.cnf,660,637,26,48613,48613.0,199,7,46660,1298,49911,335268,done,26165,0.0197789
Benchmarks/FeatureModels/mpc50.cnf,607,587,25,2515,2515.0,128,9,742,1213,3728,14744,done,23805,0.00438853
Benchmarks/FeatureModels/cq7708.cnf,611,590,27,48532,48532.0,191,7,46660,1238,49770,334877,done,26537,0.0207389
Benchmarks/FeatureModels/viper.cnf,655,631,28,1929,1929.0,264,5,431,1301,3230,8531,done,23670,0.00439037
Benchmarks/FeatureModels/jmr3904.cnf,604,584,25,1836,1836.0,252,5,431,1199,3035,8127,done,23842,0.00340788
Benchmarks/FeatureModels/XSEngine.cnf,654,630,26,2543,2543.0,131,9,742,1260,3803,14903,done,23842,0.00430819
Benchmarks/FeatureModels/olpch2294.cnf,623,601,25,2590,2590.0,136,9,742,1261,3851,15048,done,23941,0.0044485
Benchmarks/FeatureModels/sa1100mm.cnf,610,588,25,2538,2538.0,128,9,742,1222,3760,14811,done,23805,0.00431539
Benchmarks/FeatureModels/edosk2674.cnf,603,581,28,1840,1840.0,251,5,431,1194,3034,8131,done,23707,0.00331145
Benchmarks/FeatureModels/p2106.cnf,619,597,25,2575,2575.0,135,9,742,1249,3824,14990,done,23805,0.00442535
Benchmarks/FeatureModels/grg.cnf,631,607,26,2551,2551.0,131,9,742,1241,3792,14880,done,23805,0.00438599
Benchmarks/FeatureModels/stb.cnf,637,615,25,1894,1894.0,259,5,431,1252,3146,8405,done,23805,0.00441752
Benchmarks/FeatureModels/olpcl2294.cnf,637,613,26,2605,2605.0,137,9,742,1273,3878,15108,done,23670,0.00444468
Benchmarks/FeatureModels/linux.cnf,619,592,27,1922,1922.0,263,5,431,1232,3154,8503,done,23707,0.00329902
Benchmarks/FeatureModels/malta_mips64_5kc.cnf,631,607,26,1980,1980.0,268,5,431,1232,3212,8722,done,23805,0.00329499
Benchmarks/FeatureModels/eb42.cnf,616,594,25,2545,2545.0,130,9,742,1234,3779,14848,done,23805,0.00442804
Benchmarks/FeatureModels/eb40.cnf,619,597,25,2576,2576.0,134,9,742,1240,3816,14972,done,23805,0.00549861
Benchmarks/FeatureModels/nano.cnf,644,618,26,2605,2605.0,135,9,742,1265,3870,15090,done,23805,0.00435208
Benchmarks/FeatureModels/integrator_arm9.cnf,653,628,26,49339,49339.0,151,9,46660,1267,50606,342022,done,26431,0.0209266
Benchmarks/FeatureModels/se7751.cnf,654,631,26,1959,1959.0,269,5,431,1295,3254,8677,done,23805,0.00450901
Benchmarks/FeatureModels/cq7750.cnf,635,614,26,1906,1906.0,262,5,431,1267,3173,8458,done,23805,0.00441505
Benchmarks/FeatureModels/ipaq.cnf,615,595,27,2610,2610.0,134,9,742,1258,3868,15082,done,23805,0.0043132
Benchmarks/FeatureModels/refidt334.cnf,664,638,27,1877,1877.0,260,5,431,1263,3140,8356,done,23805,0.0032827
Benchmarks/FeatureModels/iq80321.cnf,637,613,26,2564,2564.0,131,9,742,1256,3820,14940,done,23842,0.00434753
Benchmarks/FeatureModels/asb.cnf,630,608,25,1850,1850.0,250,5,431,1231,3081,8223,done,23805,0.0033111
Benchmarks/FeatureModels/eb55.cnf,626,604,25,2612,2612.0,137,9,742,1270,3882,15115,done,23941,0.00454774
Benchmarks/FeatureModels/aki3068net.cnf,609,587,26,1873,1873.0,257,5,431,1207,3080,8273,done,23805,0.00330512
Benchmarks/FeatureModels/stm3210e_eval.cnf,620,596,26,1931,1931.0,272,5,431,1269,3200,8518,done,23805,0.00338356
Benchmarks/FeatureModels/innovator.cnf,657,632,26,49196,49196.0,138,9,46660,1256,50452,341481,done,26435,0.0229496
Benchmarks/FeatureModels/calm32_ceb.cnf,593,573,26,1817,1817.0,245,5,431,1173,2990,8037,done,23842,0.00448301
Benchmarks/FeatureModels/calm16_ceb.cnf,593,573,26,1817,1817.0,245,5,431,1173,2990,8037,done,23842,0.00336486
Benchmarks/FeatureModels/sam7ex256.cnf,656,632,26,2657,2657.0,144,9,742,1332,3989,15338,done,23805,0.00437776
Benchmarks/FeatureModels/pc_i82544.cnf,638,616,26,1920,1920.0,265,5,431,1259,3179,8469,done,23805,0.0045154
Benchmarks/FeatureModels/adder.cnf,627,603,27,1929,1929.0,264,5,431,1272,3201,8474,done,23805,0.00324253
Benchmarks/FeatureModels/uE250.cnf,628,604,26,2561,2561.0,131,9,742,1249,3810,14919,done,23842,0.0044178
Benchmarks/UserServiceImpl.sk_8_32.cnf,500,16,35,3500,3501.0,187,11,91,1509,5009,11830,done,23941,0.00439263
Benchmarks/111.sk_2_36.cnf,71,28,33,3131,3142.0,436,6,249,2348,5479,11555,done,23957,0.00560167
Benchmarks/doublyLinkedList.sk_8_37.cnf,290,23,179,20028,20029.0,2756,7,298,6890,26918,70803,done,26996,0.0217575
Benchmarks/79.sk_4_40.cnf,1,1,69,15298,15303.0,475,12,550,5707,21005,49457,done,24907,0.00767718
Benchmarks/84.sk_4_77.cnf,115,64,120,55278,55298.0,382,24,1426,15678,70956,160712,done,26140,0.0142248
Benchmarks/107.sk_3_90.cnf,117,73,123,31199,31219.0,996,11,1239,8948,40147,90460,done,25169,0.00986429
Benchmarks/53.sk_4_32.cnf,40,25,58,8161,8166.0,292,12,340,2586,10747,25847,done,24412,0.00544268
Benchmarks/FeatureModels/sh7708.cnf,617,596,26,48598,48598.0,197,7,46660,1253,49851,335141,done,26210,0.020809
Benchmarks/tutorial2.sk_3_4.cnf,3,1,251,60927,60928.0,15167,3,355,16726,77653,216939,done,33861,0.0296769
Benchmarks/V7/s382_7_4.cnf,121,23,11,430,430.0,249,3,44,281,711,1647,done,23527,0.00329636
Benchmarks/V7/s9234a_7_4.cnf,2139,247,74,8242,8242.0,5977,3,66,6313,14555,31561,done,25600,0.00977274
Benchmarks/V7/s510_7_4.cnf,196,25,36,528,528.0,295,3,31,316,844,1978,done,23089,0.0032665
Benchmarks/7.sk_4_50.cnf,72,40,78,18133,18142.0,1602,8,475,6683,24816,59104,done,26054,0.0118807
Benchmarks/V7/s641_7_4.cnf,204,54,17,608,608.0,415,3,31,507,1115,2467,done,23089,0.00330599
Benchmarks/V7/s526_7_4.cnf,225,24,19,636,636.0,356,3,31,383,1019,2367,done,23527,0.00331077
Benchmarks/V7/s420_new1_7_4.cnf,179,33,12,458,458.0,282,3,31,312,770,1782,done,23089,0.00344331
Benchmarks/V7/s526a_7_4.cnf,227,24,17,636,636.0,357,3,31,384,1020,2368,done,23089,0.00326136
Benchmarks/V7/s15850a_7_4.cnf,4053,611,82,13626,13637.0,10133,3,71,10926,24552,53054,done,26886,0.0152981
Benchmarks/V7/s953a_7_4.cnf,391,45,63,840,863.0,482,3,31,533,1373,3171,done,23658,0.00343966
Benchmarks/FeatureModels/aaed2000.cnf,662,637,26,49228,49228.0,139,9,46660,1284,50512,341598,done,26107,0.020744
Benchmarks/V7/s713_7_4.cnf,206,54,17,666,666.0,435,3,31,527,1193,2661,done,23089,0.00330214
Benchmarks/V7/s5378a_7_4.cnf,1586,214,49,4751,4751.0,3452,3,31,3697,8448,18406,done,24641,0.00773729
Benchmarks/V7/s1196a_7_4.cnf,500,32,52,1173,1174.0,669,3,34,708,1881,4319,done,23658,0.00330524
Benchmarks/V7/s1488_7_4.cnf,666,14,49,1627,1627.0,851,3,110,872,2499,5809,done,23662,0.00341641
Benchmarks/V7/s13207a_7_4.cnf,3370,699,66,11249,11299.0,8312,3,76,9386,20635,44561,done,26669,0.0142258
Benchmarks/V7/s444_7_4.cnf,178,24,12,480,480.0,276,3,46,308,788,1824,done,23089,0.00232029
Benchmarks/V7/s344_7_4.cnf,124,24,9,325,325.0,186,3,31,215,540,1266,done,23523,0.0033514
Benchmarks/V7/s820a_7_4.cnf,175,21,26,1087,1087.0,595,3,98,616,1703,3951,done,23658,0.00330972
Benchmarks/V7/s838_7_4.cnf,383,65,13,874,874.0,554,3,44,616,1490,3398,done,23658,0.00324387
Benchmarks/V7/s298_7_4.cnf,126,17,11,363,363.0,203,3,30,223,586,1374,done,23089,0.00223224
Benchmarks/V7/s35932_7_4.cnf,11696,1761,64,26576,26576.0,16093,3,2898,17849,44425,101131,done,29458,0.0745953
Benchmarks/V7/s1238a_7_4.cnf,555,32,54,1222,1223.0,666,3,38,704,1926,4462,done,23523,0.00328644
Benchmarks/V7/s420_new_7_4.cnf,192,33,11,458,458.0,282,3,31,312,770,1782,done,23252,0.00338309
Benchmarks/V7/s27_7_4.cnf,14,7,3,39,39.0,16,3,31,24,63,155,done,23117,0.0023454
Benchmarks/V7/s349_7_4.cnf,124,24,8,329,329.0,187,3,31,216,545,1279,done,23523,0.00336814
Benchmarks/V7/s1423a_7_4.cnf,555,91,22,1169,1169.0,691,3,88,795,1964,4512,done,23658,0.00342666
Benchmarks/V7/s27_new_7_4.cnf,10,6,3,18,18.0,8,3,10,17,35,71,done,23089,0.00223526
Benchmarks/V7/s832a_7_4.cnf,196,22,26,1109,1109.0,603,3,100,624,1733,4025,done,23658,0.00332681
Benchmarks/V7/s420_7_4.cnf,179,33,12,458,458.0,282,3,31,312,770,1782,done,23089,0.00331784
Benchmarks/tableBasedAddition.sk_240_1024.cnf,66,64,0,-65,0.0,0,1,1,1026,961,961,done,23089,0.00223205
Benchmarks/10.sk_1_46.cnf,96,41,16,721,735.0,168,5,59,1494,2215,3922,done,23670,0.00324363
Benchmarks/V7/s38584_7_4.cnf,13313,1464,94,34047,34049.0,21766,3,179,23423,57470,128520,done,31662,0.0338612
Benchmarks/57.sk_4_64.cnf,101,52,102,16632,16651.0,312,20,561,6917,23549,53683,done,25366,0.00986843
Benchmarks/80.sk_2_48.cnf,70,39,76,12091,12097.0,1572,6,381,4969,17060,40683,done,25608,0.00860737
Benchmarks/V7/s38417_7_4.cnf,10809,1664,40,32116,32256.0,22987,3,100,25546,57662,125250,done,31371,0.0293762
Benchmarks/36.sk_3_77.cnf,1,1,123,20686,20696.0,487,12,819,8047,28733,69189,done,26390,0.00988249
Benchmarks/polynomial.sk_7_25.cnf,27,6,19,714,715.0,286,3,56,313,1027,2702,done,23089,0.00328233
Benchmarks/ActivityService.sk_11_27.cnf,478,21,53,4131,4132.0,192,13,97,1837,5968,14113,done,24125,0.00559566
Benchmarks/63.sk_3_64.cnf,122,54,83,17137,17138.0,1946,6,680,7242,24379,57725,done,26255,0.0120139
Benchmarks/LoginService2.sk_23_36.cnf,1858,20,104,29900,29901.0,845,16,342,11511,41411,100652,done,28778,0.0207225
Benchmarks/71.sk_3_65.cnf,334,61,87,8946,8961.0,105,24,247,5670,14616,34695,done,25559,0.00978094
Benchmarks/V3/s344_3_2.cnf,122,24,7,267,267.0,166,3,18,197,464,1046,done,23388,0.00336869
Benchmarks/V3/s1488_3_2.cnf,633,13,47,1569,1569.0,831,3,110,854,2423,5589,done,23662,0.00328539
Benchmarks/V3/s349_3_2.cnf,118,24,7,271,271.0,167,3,18,198,469,1059,done,23523,0.00329065
Benchmarks/V3/s953a_3_2.cnf,384,45,62,782,805.0,462,3,26,515,1297,2951,done,23523,0.00332593
Benchmarks/V3/s27_3_2.cnf,14,7,3,23,23.0,12,3,15,20,43,103,done,23089,0.00226705
Benchmarks/Pollard.sk_1_10.cnf,3395,8,158,33443,33444.0,358,24,1022,7815,41258,118388,done,29036,0.0173737
Benchmarks/V3/s27_new_3_2.cnf,10,6,3,14,14.0,8,3,7,17,31,67,done,23117,0.00219004
Benchmarks/V3/s1423a_3_2.cnf,552,91,21,1111,1111.0,671,3,88,777,1888,4292,done,23658,0.00334886
Benchmarks/V3/s526a_3_2.cnf,213,24,17,578,578.0,337,3,28,366,944,2148,done,23089,0.00223215
Benchmarks/V3/s713_3_2.cnf,202,54,17,608,608.0,415,3,26,509,1117,2441,done,23388,0.00337548
Benchmarks/V3/s382_3_2.cnf,114,22,11,372,372.0,229,3,44,263,635,1427,done,23089,0.00222754
Benchmarks/110.sk_3_88.cnf,149,73,177,44901,44921.0,658,18,1427,18570,63471,156087,done,32714,0.0315627
Benchmarks/V3/s420_new1_3_2.cnf,177,33,11,400,400.0,262,3,28,294,694,1562,done,23089,0.00218924
Benchmarks/V3/s526_3_2.cnf,203,22,17,578,578.0,336,3,28,365,943,2147,done,23089,0.00333665
Benchmarks/V3/s820a_3_2.cnf,100,20,26,1029,1029.0,575,3,98,598,1627,3731,done,23523,0.0035091
Benchmarks/enqueueSeqSK.sk_10_42.cnf,2775,40,317,42049,42050.0,3293,10,291,16466,58515,145866,done,39530,0.249384
Benchmarks/V3/s1238a_3_2.cnf,549,32,53,1164,1165.0,646,3,38,686,1850,4242,done,23658,0.00325536
Benchmarks/V3/s9234a_3_2.cnf,2130,247,74,8184,8184.0,5957,3,66,6295,14479,31341,done,25604,0.0109565
Benchmarks/V3/s444_3_2.cnf,133,22,12,422,422.0,256,3,46,290,712,1604,done,23523,0.00345727
Benchmarks/V3/s420_new_3_2.cnf,189,33,11,400,400.0,262,3,28,294,694,1562,done,23089,0.00217882
Benchmarks/V3/s838_3_2.cnf,381,65,13,816,816.0,534,3,44,598,1414,3178,done,23658,0.00332387
Benchmarks/V3/s420_3_2.cnf,177,33,11,400,400.0,262,3,28,294,694,1562,done,23089,0.00222467
Benchmarks/V3/s5378a_3_2.cnf,1471,210,49,4693,4693.0,3432,3,22,3679,8372,18186,done,24641,0.00556059
Benchmarks/V3/s1196a_3_2.cnf,471,32,51,1115,1116.0,649,3,34,690,1805,4099,done,23658,0.00330743
Benchmarks/V3/s13207a_3_2.cnf,3368,699,66,11191,11241.0,8292,3,76,9368,20559,44341,done,26701,0.0154882
Benchmarks/V3/s15850a_3_2.cnf,4051,611,81,13568,13579.0,10113,3,71,10908,24476,52834,done,26877,0.0153048
Benchmarks/V3/s38584_3_2.cnf,13311,1464,94,33989,33991.0,21746,3,179,23405,57394,128300,done,31657,0.0342933
Benchmarks/V3/s510_3_2.cnf,197,25,35,470,470.0,275,3,26,298,768,1758,done,23523,0.00332627
Benchmarks/V3/s641_3_2.cnf,189,52,16,550,550.0,395,3,26,489,1039,2247,done,23089,0.00330919
Benchmarks/V3/s298_3_2.cnf,113,15,10,305,305.0,183,3,26,205,510,1154,done,23117,0.00222715
Benchmarks/V3/s832a_3_2.cnf,109,20,26,1051,1051.0,583,3,100,606,1657,3805,done,23658,0.00324362
Benchmarks/tutorial1.sk_1_1.cnf,2,1,0,-1,0.0,0,1,1,67,66,66,done,23117,0.00221772
Benchmarks/ActivityService2.sk_10_27.cnf,559,21,55,4915,4916.0,224,12,182,1952,6867,16500,done,24260,0.0054487
Benchmarks/IterationService.sk_12_27.cnf,930,22,53,4836,4837.0,211,13,168,1896,6732,16208,done,24272,0.00662601
Benchmarks/V3/s38417_3_2.cnf,10807,1664,40,32058,32198.0,22967,3,100,25528,57586,125030,done,31424,0.0305167
Benchmarks/V15/s349_15_7.cnf,127,24,10,544,544.0,257,3,72,285,829,2115,done,23089,0.00237494
Benchmarks/LoginService.sk_20_34.cnf,1206,28,106,18489,18490.0,625,14,282,8200,26689,63368,done,27021,0.0174404
Benchmarks/V15/s298_15_7.cnf,129,17,12,578,578.0,275,3,62,292,870,2210,done,23089,0.00331545
Benchmarks/V3/s35932_3_2.cnf,11694,1761,64,26518,26518.0,16073,3,2898,17831,44349,100911,done,29519,0.0938767
Benchmarks/V15/s27_15_7.cnf,14,7,3,71,71.0,24,3,63,32,103,259,done,23089,0.00223232
Benchmarks/V15/s1196a_15_7.cnf,512,32,53,1388,1389.0,741,3,63,777,2165,5155,done,23658,0.00331998
Benchmarks/V15/s15850a_15_7.cnf,4056,611,81,13841,13852.0,10205,3,71,10995,24836,53890,done,27058,0.0174982
Benchmarks/V15/s444_15_7.cnf,155,23,13,695,695.0,348,3,63,377,1072,2660,done,23089,0.00329892
Benchmarks/V15/s5378a_15_7.cnf,1589,214,50,4966,4966.0,3523,3,67,3766,8732,19242,done,24780,0.00665202
Benchmarks/V15/s1423a_15_7.cnf,558,91,24,1384,1384.0,763,3,88,864,2248,5348,done,23658,0.00325037
Benchmarks/V15/s953a_15_7.cnf,396,45,64,1055,1078.0,554,3,63,602,1657,4007,done,23658,0.00331643
Benchmarks/V15/s510_15_7.cnf,196,25,37,608,608.0,319,3,63,340,948,2274,done,23523,0.00328843
Benchmarks/sort.sk_8_52.cnf,2063,51,122,37486,37487.0,9619,5,248,12125,49611,132881,done,37322,0.179003
Benchmarks/logcount.sk_16_86.cnf,12454,83,359,49020,49021.0,1192,17,903,19126,68146,168779,done,60317,2.62288
Benchmarks/V15/s526_15_7.cnf,231,24,20,851,851.0,428,3,63,452,1303,3203,done,23089,0.00229223
Benchmarks/V15/s713_15_7.cnf,209,54,18,881,881.0,507,3,63,596,1477,3497,done,23564,0.00330084
Benchmarks/V15/s35932_15_7.cnf,11699,1761,64,26791,26791.0,16165,3,2898,17918,44709,101967,done,29478,0.0768042
Benchmarks/V15/s838_15_7.cnf,386,65,13,1089,1089.0,626,3,63,685,1774,4234,done,23658,0.00330319
Benchmarks/V15/s420_new1_15_7.cnf,184,33,12,628,628.0,338,3,63,366,994,2438,done,23089,0.00324831
Benchmarks/V15/s382_15_7.cnf,159,24,13,645,645.0,321,3,63,350,995,2483,done,23388,0.00333482
Benchmarks/V15/s1488_15_7.cnf,640,14,49,1842,1842.0,923,3,110,941,2783,6645,done,23662,0.00444685
Benchmarks/V15/s832a_15_7.cnf,396,23,26,1324,1324.0,675,3,100,693,2017,4861,done,23658,0.00326627
Benchmarks/V15/s27_new_15_7.cnf,10,6,3,26,26.0,8,3,18,17,43,79,done,23117,0.00220111
Benchmarks/V15/s344_15_7.cnf,127,24,9,540,540.0,256,3,72,284,824,2102,done,23089,0.00335306
Benchmarks/V15/s420_new_15_7.cnf,193,33,12,583,583.0,322,3,63,351,934,2258,done,23523,0.00330791
Benchmarks/V15/s9234a_15_7.cnf,2142,247,75,8457,8457.0,6049,3,66,6382,14839,32397,done,25604,0.0119592
Benchmarks/V15/s526a_15_7.cnf,230,24,19,851,851.0,429,3,63,453,1304,3204,done,23089,0.00328936
Benchmarks/V15/s420_15_7.cnf,184,33,12,628,628.0,338,3,63,366,994,2438,done,23089,0.00328532
Benchmarks/V15/s641_15_7.cnf,207,54,18,823,823.0,487,3,63,576,1399,3303,done,22982,0.00331211
Benchmarks/V15/s13207a_15_7.cnf,3373,699,66,11464,11514.0,8384,3,76,9455,20919,45397,done,26669,0.0142258
Benchmarks/V15/s1238a_15_7.cnf,559,32,57,1437,1438.0,738,3,63,773,2210,5298,done,23658,0.00331825
Benchmarks/V15/s820a_15_7.cnf,211,21,27,1302,1302.0,667,3,98,685,1987,4787,done,23658,0.00327985
Benchmarks/registerlesSwap.sk_3_10.cnf,119,7,21,1121,1122.0,368,3,64,372,1493,3618,done,23089,0.00218988
Benchmarks/GuidanceService2.sk_2_27.cnf,441,22,20,1466,1467.0,114,8,75,715,2181,5092,done,23662,0.00323851
Benchmarks/FMEasy/axTLS.cnf,108,89,11,1471,1471.0,181,8,303,684,2155,5921,done,23547,0.00330948
Benchmarks/ProcessBean.sk_8_64.cnf,1448,47,71,9690,9691.0,277,17,150,4768,14458,33339,done,25112,0.00981039
Benchmarks/V15/s38584_15_7.cnf,13316,1464,100,34262,34264.0,21838,3,179,23492,57754,129356,done,31686,0.032718
Benchmarks/V15/s38417_15_7.cnf,10812,1664,40,32331,32471.0,23059,3,100,25615,57946,126086,done,31526,0.0305889
Benchmarks/FMEasy/fiasco.cnf,171,98,32,3590,3596.0,79,27,198,1638,5228,12748,done,23797,0.00439474
Benchmarks/FMEasy/uClinux.cnf,304,303,2,618,618.0,925,2,4,1850,2468,3702,done,23388,0.00444167
Benchmarks/SetTest.sk_9_21.cnf,13,5,266,115204,115205.0,33028,3,1624,33744,148948,409410,done,45584,0.0701278
Benchmarks/FMEasy/coreboot.cnf,506,325,396,34823,34823.0,76,143,4441,12268,47091,132409,done,29478,0.0285004
Benchmarks/FMEasy/toybox.cnf,65,64,5,476,476.0,116,4,70,544,1020,1931,done,22982,0.00221418
Benchmarks/FMEasy/ecos-icse11.cnf,629,608,26,1902,1902.0,261,5,431,1244,3146,8404,done,23547,0.00428919
Benchmarks/FMEasy/toybox2.cnf,65,64,5,476,476.0,116,4,70,544,1020,1931,done,23089,0.00216759
Benchmarks/FMEasy/buildroot.cnf,2326,1801,165,30693,30705.0,107,88,3337,14910,45603,118435,done,29245,0.0305726
Benchmarks/FMEasy/busybox-1.18.0.cnf,918,835,21,11040,11040.0,462,16,1559,6796,17836,45132,done,25804,0.0166743
Benchmarks/27.sk_3_32.cnf,59,25,17,1198,1209.0,249,5,93,1509,2707,5210,done,23683,0.00331795
Benchmarks/FMEasy/uClinux-config.cnf,1637,1561,22,20383,20383.0,663,16,9430,11254,31637,82986,done,27582,0.0187744
Benchmarks/FMEasy/freetz.cnf,3793,3387,89,71693,71693.0,177,71,26433,31012,102705,294789,done,37040,0.0602422
Benchmarks/20.sk_1_51.cnf,100,48,321,45519,45529.0,452,26,962,15475,60994,145935,done,29040,0.0239403
Benchmarks/ConcreteActivityService.sk_13_28.cnf,675,22,71,6530,6531.0,244,14,239,2481,9011,21800,done,24551,0.00655338
Benchmarks/signedAvg.sk_8_1020.cnf,14473,1013,183,61519,61561.0,10638,5,261,30335,91854,225830,done,50126,0.159031
Benchmarks/FMEasy/freebsd-icse11.cnf,1349,1348,37,60787,60840.0,236,20,33794,1396,62183,908392,done,31117,0.0491818
Benchmarks/FMEasy/embtoolkit.cnf,1431,1406,34,156995,156996.0,2988,11,106233,23516,180511,1319518,done,46542,0.0980126
Benchmarks/FMEasy/2.6.28.6-icse11.cnf,5509,5056,182,337056,337101.0,407,98,197510,6888,343944,3182291,done,49721,0.199844
